[{"state":"Mississippi","index":"85.3","misc":"91","health":"97.6","rank":"1","housing":"68.6","grocery":"97.1","utilities":"86.1","transportation":"88.6"},{"state":"Oklahoma","index":"86","misc":"91.5","health":"91.8","rank":"2","housing":"68","grocery":"93.8","utilities":"98.2","transportation":"92.3"},{"state":"Kansas","index":"87.7","misc":"91.9","health":"97.1","rank":"3","housing":"69.4","grocery":"96.8","utilities":"107.5","transportation":"88.3"},{"state":"Missouri","index":"88.4","misc":"91.6","health":"89.9","rank":"4","housing":"77.2","grocery":"94.8","utilities":"97.7","transportation":"90.3"},{"state":"Alabama","index":"88.8","misc":"96.2","health":"86.9","rank":"5","housing":"70.4","grocery":"96.4","utilities":"103.6","transportation":"92"},{"state":"Iowa","index":"89.7","misc":"95.4","health":"99.7","rank":"6","housing":"72.4","grocery":"96.8","utilities":"94.5","transportation":"100.6"},{"state":"Nebraska","index":"90.1","misc":"94.8","health":"97.1","rank":"7","housing":"78.4","grocery":"95.2","utilities":"85.7","transportation":"101.8"},{"state":"West Virginia","index":"90.3","misc":"99","health":"97","rank":"8","housing":"70.9","grocery":"97.7","utilities":"94.5","transportation":"97.8"},{"state":"Arkansas","index":"90.3","misc":"99.1","health":"87.2","rank":"9","housing":"76.3","grocery":"95.4","utilities":"91.8","transportation":"92.2"},{"state":"Tennessee","index":"90.4","misc":"92.8","health":"88.1","rank":"10","housing":"82.9","grocery":"97.8","utilities":"93.2","transportation":"90"},{"state":"Illinois","index":"90.8","misc":"94.3","health":"95.4","rank":"11","housing":"78.3","grocery":"97.5","utilities":"90.9","transportation":"102.4"},{"state":"Georgia","index":"91","misc":"97.2","health":"101.4","rank":"12","housing":"78.5","grocery":"98.9","utilities":"84.4","transportation":"94.5"},{"state":"Indiana","index":"91.5","misc":"94.7","health":"98.9","rank":"13","housing":"77","grocery":"98","utilities":"105.4","transportation":"95.7"},{"state":"Louisiana","index":"92","misc":"96.3","health":"97.9","rank":"14","housing":"84.7","grocery":"95.1","utilities":"85.3","transportation":"97.2"},{"state":"Michigan","index":"92.7","misc":"96.8","health":"94","rank":"15","housing":"80.9","grocery":"97.4","utilities":"99.6","transportation":"98.6"},{"state":"Wyoming","index":"92.8","misc":"99","health":"98.6","rank":"16","housing":"80.7","grocery":"102","utilities":"85.7","transportation":"95.6"},{"state":"Texas","index":"93","misc":"95.9","health":"94.1","rank":"17","housing":"84.2","grocery":"94.8","utilities":"105.7","transportation":"92.6"},{"state":"Kentucky","index":"93.8","misc":"106.3","health":"81.8","rank":"18","housing":"72.5","grocery":"101.2","utilities":"102.9","transportation":"97.7"},{"state":"South Dakota","index":"93.8","misc":"93.2","health":"97","rank":"19","housing":"93.9","grocery":"98","utilities":"87.9","transportation":"93"},{"state":"Ohio","index":"94","misc":"100.1","health":"96.5","rank":"20","housing":"80.1","grocery":"100.9","utilities":"97.2","transportation":"97.7"},{"state":"Minnesota","index":"94.1","misc":"99.6","health":"111.5","rank":"21","housing":"82.3","grocery":"97.2","utilities":"91.5","transportation":"99"},{"state":"New Mexico","index":"94.2","misc":"98.3","health":"99.6","rank":"22","housing":"87.5","grocery":"96.7","utilities":"93.2","transportation":"93.5"},{"state":"North Dakota","index":"94.6","misc":"96.9","health":"111.6","rank":"23","housing":"84.3","grocery":"94.6","utilities":"101.8","transportation":"101.4"},{"state":"Wisconsin","index":"95","misc":"96.7","health":"113.7","rank":"24","housing":"84.4","grocery":"97.9","utilities":"102.8","transportation":"98.6"},{"state":"North Carolina","index":"96.1","misc":"97.3","health":"109.5","rank":"25","housing":"92.1","grocery":"99","utilities":"94.5","transportation":"93.5"},{"state":"South Carolina","index":"96.5","misc":"99.5","health":"96.7","rank":"26","housing":"89.4","grocery":"100.1","utilities":"105.3","transportation":"91.6"},{"state":"Puerto Rico","index":"96.6","misc":"95.6","health":"71","rank":"27","housing":"84.3","grocery":"108.1","utilities":"138.7","transportation":"89.6"},{"state":"Pennsylvania","index":"99","misc":"102","health":"96.7","rank":"28","housing":"89.9","grocery":"100.9","utilities":"105.9","transportation":"108.2"},{"state":"Nevada","index":"101.3","misc":"91.3","health":"94.9","rank":"29","housing":"110.7","grocery":"102.1","utilities":"96.6","transportation":"117.2"},{"state":"Utah","index":"101.5","misc":"102.9","health":"90.3","rank":"30","housing":"106.5","grocery":"98.3","utilities":"93.5","transportation":"100.9"},{"state":"Florida","index":"102.3","misc":"99.4","health":"96.3","rank":"31","housing":"110.5","grocery":"100.1","utilities":"96.7","transportation":"99.8"},{"state":"Delaware","index":"102.6","misc":"103.9","health":"104.3","rank":"32","housing":"99.7","grocery":"103","utilities":"97.8","transportation":"109.5"},{"state":"Virginia","index":"103.1","misc":"102.2","health":"102.6","rank":"33","housing":"107.7","grocery":"100.6","utilities":"103.6","transportation":"96.5"},{"state":"Montana","index":"103.7","misc":"103.3","health":"95.7","rank":"34","housing":"111.4","grocery":"103","utilities":"91.6","transportation":"99.4"},{"state":"Colorado","index":"105.5","misc":"103","health":"102","rank":"35","housing":"116.1","grocery":"100.6","utilities":"90.9","transportation":"107.4"},{"state":"Idaho","index":"106.1","misc":"106.3","health":"101.2","rank":"36","housing":"113.8","grocery":"103.7","utilities":"84.6","transportation":"109.7"},{"state":"Arizona","index":"107.2","misc":"102.1","health":"93.5","rank":"37","housing":"125.3","grocery":"101.8","utilities":"94.3","transportation":"99.2"},{"state":"Rhode Island","index":"110.5","misc":"115.2","health":"107.4","rank":"38","housing":"114.6","grocery":"100.5","utilities":"109.7","transportation":"98.9"},{"state":"Maine","index":"111.5","misc":"112.8","health":"96.2","rank":"39","housing":"118.9","grocery":"101.2","utilities":"108","transportation":"112.8"},{"state":"Connecticut","index":"113.1","misc":"111.9","health":"109.7","rank":"40","housing":"122.7","grocery":"99.8","utilities":"122.3","transportation":"102.6"},{"state":"New Jersey","index":"114.1","misc":"106.6","health":"96.1","rank":"41","housing":"136.8","grocery":"103.9","utilities":"107.2","transportation":"106.1"},{"state":"Vermont","index":"114.9","misc":"106.1","health":"106.2","rank":"42","housing":"131.4","grocery":"103.1","utilities":"120.8","transportation":"115.6"},{"state":"New Hampshire","index":"115","misc":"120.8","health":"120.6","rank":"43","housing":"109.8","grocery":"102.3","utilities":"130.2","transportation":"113.6"},{"state":"Oregon","index":"115.1","misc":"105.8","health":"101.4","rank":"44","housing":"139.9","grocery":"107.6","utilities":"94","transportation":"113.6"},{"state":"Washington","index":"115.1","misc":"110.8","health":"119.8","rank":"45","housing":"129.4","grocery":"109.7","utilities":"92.2","transportation":"117.1"},{"state":"Maryland","index":"119.5","misc":"108.5","health":"96.2","rank":"46","housing":"152.2","grocery":"108.5","utilities":"109.2","transportation":"100.2"},{"state":"Alaska","index":"124.4","misc":"118.8","health":"149.8","rank":"47","housing":"118.1","grocery":"127.4","utilities":"148.1","transportation":"121.9"},{"state":"New York","index":"125.1","misc":"109","health":"104.5","rank":"48","housing":"173.3","grocery":"103","utilities":"102.5","transportation":"106.7"},{"state":"California","index":"134.5","misc":"110.9","health":"106.4","rank":"49","housing":"186.5","grocery":"112.3","utilities":"124.8","transportation":"124.1"},{"state":"Massachusetts","index":"148.4","misc":"125.8","health":"112.6","rank":"50","housing":"219.5","grocery":"105","utilities":"126.1","transportation":"127.5"},{"state":"District of Columbia","index":"148.7","misc":"117.7","health":"104.7","rank":"51","housing":"241.8","grocery":"106.9","utilities":"110.2","transportation":"107.9"},{"state":"Hawaii","index":"179","misc":"123.8","health":"118.4","rank":"52","housing":"309.7","grocery":"125.6","utilities":"141.1","transportation":"140.3"}]